Name,Price,Shop,Location
"iPhone 13 Mini 128GB 256GB 512GB Starlight Midnight Pink Blue Red IBOX - 128GB INTER, Red",Rp 11.599.000,-,-
"iPhone 13 Pro Max 128GB 256GB 512GB 1TB Sierra Blue Graphite Gold Silv - INTER 128GB, Gold",Rp 17.450.000,-,-
"iPhone 13 128GB 256GB 512GB Starlight Midnight Pink Blue Red 5G IBOX - INTER 128GB, Red",Rp 12.299.000,-,-
iPhone 13 128GB 256GB 512GB Starlight Midnight Pink Blue Red 5G IBOX,Rp12.299.000,Putra Group,Jakarta Pusat
Apple iPhone 13 Pro Max Promax 128GB 256GB 512GB 1TB 128 256 512 1 TB,Rp17.650.000,chocoapple,Jakarta Pusat
(OFFICIAL) Iphone 13 128GB - Pink,Rp13.999.000,Wellio Official Shop,Kab. Bekasi
"New iPhone 13 128 Resmi Midnight Pink Blue Red Starlight - Midnight, Single Sim128GB",Rp12.750.000,Apple Wholesaler,Surabaya
iPhone 13 Pro Max | 13 Pro 1TB 512GB 256GB 128GB Green | DUAL | IBOX,Rp16.850.000,chocoapple,Jakarta Pusat
Apple iPhone 13 Mini 128GB | 256GB | 512GB - Garansi Resmi iBox Indo,Rp12.699.000,Universe Store,Jakarta Utara
IPHONE 13 PRO MAX 4G ULTIMATE FS HDC,Rp1.950.000,WT Teknologi,Jakarta Barat
Original HDC Ultimate iPhone 13 Pro Max 4G LTE 3/32GB 1 : 1 LIKE ORI,Rp1.950.000,Orion Gadget,Jakarta Barat
NEW iPhone 128GB 256GB 512GB 12 Pro / Max Blue Gold Graphite 13 Silver,Rp18.930.000,Big Berry Cellular,Jakarta Utara
iPhone 13 Pro Max IBOX Dual Sim Green 1TB 512GB 256GB 128GB | 13 Mini,Rp12.210.000,Studio Ponsel,Jakarta Pusat
IPHONE 13 PRO MAX 3G ULTIMATE FS HDC,Rp1.720.000,WT Teknologi,Jakarta Barat
NEW iPhone 128GB 256GB 512GB 12 Pro / Max Blue Gold Graphite 13 Silver,Rp15.900.000,winselindo,Jakarta Utara
[DUAL] iPhone 64GB 128GB 256GB 12 / Mini Black Blue Green Red 13 White,Rp9.885.000,winselindo,Jakarta Utara
iPhone 13 Garansi Resmi,Rp13.499.000,PT Pratama Sntra Semesta,Jakarta Barat
iPhone 13 Promax Garansi Resmi,Rp18.649.000,PT Pratama Sntra Semesta,Jakarta Barat
"IPHONE 13 - MIDNIGHT BLACK, 128 gb",Rp12.600.000,Home Icloud,Kab. Tangerang
"IBOX iPhone 13 Pro 128GB 256GB 512GB 1TB Resmi Gold Blue Graphite - Gold, Single Inter128",Rp16.000.000,Apple Wholesaler,Surabaya
IBOX iPhone 13 Pro Max 128GB 256GB 512GB 1TB Garansi Resmi Apple iBox,Rp16.600.000,Digital Rized,Jakarta Pusat
IBOX iPhone 13|Mini 128GB 256GB 512GB Starlight Midnight Pink Blue Red,Rp11.600.000,ARMYAPPLE,Jakarta Utara
NEW Apple iPhone 13 128GB 256GB 512GB 128 256 512 GB Garansi 1 Tahun,Rp12.775.000,chocoapple,Jakarta Pusat
iPhone 13 Pro / 13 Pro Max 128GB 256GB 512GB 1TB Bekas Fullset Second,Rp14.745.000,Big Berry Cellular,Jakarta Utara
Apple iPhone 13 Pro 128GB | 256GB | 512GB | 1TB - Garansi Resmi iBox,Rp16.899.000,Universe Store,Jakarta Utara
Apple iPhone 13 128GB | 256GB | 512GB - Garansi Resmi iBox Apple Indo,Rp13.479.000,Universe Store,Jakarta Utara
iPhone 13 Pro 128GB 256GB 512GB 1TB Sierra Blue Graphite Gold Silver,Rp15.670.000,Putra Group,Jakarta Pusat
iBox iPhone 13 Pro ProMax Max 1TB Blue 512GB 256GB 128GB not 12 mini,Rp15.755.000,Studio Ponsel,Jakarta Pusat
iBox iPhone 13 128GB DUAL Sim Nano / Mini Red Black Blue 128 not 12,Rp11.560.000,Studio Ponsel,Jakarta Pusat
Apple iPhone 13 128GB 256GB 512GB Garansi Resmi iBox Apple Indonesia,Rp15.198.000,Scholars,Jakarta Barat
iBox iPhone 13 512GB DUAL 256GB 128GB White Black Blue not mini 12,Rp12.360.000,Studio Ponsel,Jakarta Pusat
"New iPhone 13 128 / 256 / 512 Starlight, Midnight, Blue, Pink, Red",Rp11.480.000,New Rizkyapple,Jakarta Pusat
IBOX Resmi iPhone 13 Pro Max 128GB 256GB 512GB 1TB Blue Graphite Gold,Rp15.670.000,ARMYAPPLE,Jakarta Utara
"IBOX iPhone 13 | MINI 128GB 256GB 512GB RESMI Midnight Pink Blue Red - 13 MINI SINGLE, 128GB STARLIGHT",Rp11.600.000,Big Berry Cellular,Jakarta Utara
IPHONE 13 128GB GARANSI RESMI IBOX,Rp13.400.000,Q-Store Pedia,Jakarta Pusat
IBOX iPhone 13 128GB 256GB 512GB Starlight Midnight Pink Blue Red 5G,Rp13.449.000,Putra Group,Jakarta Pusat
BNIB Apple iPhone SE 3 2022 5G IBOX 64GB Red,Rp7.250.000,Lestari Motor 2,Jakarta Barat
Apple iPhone 13 128GB 256GB 512GB Garansi Resmi Apple,Rp12.359.000,Wah Gadget,Jakarta Barat
iPhone 13 Mini Garansi Resmi,Rp12.749.000,PT Pratama Sntra Semesta,Jakarta Barat
iBox iPhone 13 Pro ProMax 5G 128GB Dual Nano 128 MAX Blue not Mini 12,Rp15.755.000,Studio Ponsel,Jakarta Pusat
iBox iPhone 13 Pro ProMax 5G 256GB Dual Nano 256 Max Blue not Mini 12,Rp17.360.000,Studio Ponsel,Jakarta Pusat
Iphone 13 128Gb/256Gb/512Gb Garansi Resmi IBOX/TAM,Rp13.479.000,Senjaya Selindo,Jakarta Pusat
iPhone 13 128GB 256GB 512GB Starlight Midnight Pink Blue Red 5G IBOX,Rp12.299.000,Putra Group,Jakarta Pusat
Iphone 13 Pro 128Gb/256Gb/512Gb/1Tb Garansi Resmi IBOX/TAM,Rp16.880.000,Senjaya Selindo,Jakarta Pusat
IBOX iPhone 13 Pro Max 128GB 256GB 512GB 1TB Resmi Gold Blue Graphite,Rp15.670.000,Big Berry Cellular,Jakarta Utara
iPhone 13 Pro Max 128GB 256GB 512GB 1TB Sierra Blue Graphite Gold Silv,Rp17.450.000,Putra Group,Jakarta Pusat
"New iPhone 13 128 / 256 / 512 Starlight, Midnight, Blue, Pink, Red",Rp12.459.000,tokohapedia,Jakarta Pusat
IBOX iPhone 13 Pro Max ProMax 128GB 256GB 512GB 1TB Blue Graphite Gold,Rp18.699.000,Putra Group,Jakarta Pusat
Original HDC Ultimate iPhone 13 Pro Max 3G 2/32GB 1 : 1 LIKE ORI,Rp1.720.000,Orion Gadget,Jakarta Barat
iBox iPhone 13 Pro ProMax Max 1TB Blue 512GB 256GB 128GB Resmi not 12,Rp16.990.000,Studio Ponsel,Jakarta Pusat
"New iPhone 13 Pro 256 / 512 / 1TB Graphite, Gold, Silver, Sierra Blue",Rp15.799.000,tokohapedia,Jakarta Pusat
Apple iPhone 13 Pro Max Promax 128GB 256GB 512GB 1TB 128 256 512 1 TB,Rp17.650.000,chocoapple,Jakarta Pusat
IBOX iPhone 13 | MINI 128GB 256GB 512GB RESMI Midnight Pink Blue Red,Rp11.600.000,Big Berry Cellular,Jakarta Utara
iPhone 13 Mini 128GB 256GB 512GB Starlight Midnight Pink Blue Red IBOX,Rp11.599.000,Putra Group,Jakarta Pusat
IPHONE 13 PRO MAX 4G RAM 4GB INTERNAL 64GB ULTIMATE FS HDC,Rp2.150.000,WT Teknologi,Jakarta Barat
IBOX iPhone 13 128GB 256GB 512GB Starlight Midnight Pink Blue Red 5G,Rp13.449.000,Putra Group,Jakarta Pusat
IBOX iPhone 13 Pro Max ProMax 128GB 256GB 512GB 1TB Blue Graphite Gold,Rp15.670.000,winselindo,Jakarta Utara
iBox iPhone 13 512GB 256GB 128GB White Black Blue Resmi Bukan 12 mini,Rp16.250.000,Studio Ponsel,Jakarta Pusat
Apple iPhone 13 Pro Max 128GB | 256GB | 512GB | 1TB Garansi Resmi iBox,Rp18.649.000,Universe Store,Jakarta Utara
iPhone 13 Pro Max 1TB 512GB 256GB 128GB Dual Nano Single Resmi IBOX,Rp17.210.000,GRENPEEL STORE,Jakarta Pusat
iPhone 13 Pro Garansi Resmi,Rp16.999.000,PT Pratama Sntra Semesta,Jakarta Barat
Apple Iphone 13 128GB/256GB/512GB Single/Dual inter 1tahun,Rp14.630.000,Tokomope,Jakarta Pusat
IPHONE 13 PRO MAX 3G ULTIMATE FS HDC,Rp1.720.000,Google Pixel Store,Jakarta Barat
iPhone 13 Pro Max 1TB DUAL SIM 5G 128GB 256GB 512GB / 13 Pro (Not 14 ),Rp15.655.000,New Rizkyapple,Jakarta Pusat
iPhone 13 Pro 1TB 512GB 256GB 128GB Dual Nano Single Resmi IBOX,Rp15.999.000,GRENPEEL STORE,Jakarta Pusat
iPhone 13 PRO MAX Dual Sim 1TB 512GB 256GB 128GB Apple ProMax,Rp17.210.000,Studio Ponsel,Jakarta Pusat
Apple iPhone 13 128GB 256GB 512GB Garansi Resmi Apple,Rp12.359.000,Wah Gadget,Jakarta Barat
iBox iPhone 13 Mini 512GB Dual 256GB 128GB Purple White Black Blue 12,Rp11.560.000,Studio Ponsel,Jakarta Pusat
iPhone 13 Pro Max 128GB 256GB 512GB 1TB ProMax 13 Dual Sim Nano IBOX,Rp17.230.000,Digital Authorized,Jakarta Pusat
SECOND iPhone 13 Mini / 13 128GB 256GB 512GB Bekas Second Ori fullset,Rp9.945.000,ARMYAPPLE,Jakarta Utara
[RESMI] Apple iPhone 13 Pro 128GB 256GB 512GB 1TB Garansi Apple 1THN,Rp15.719.000,Wah Gadget,Jakarta Barat
IBOX iPhone 13|Mini 128GB 256GB 512GB Starlight Midnight Pink Blue Red,Rp11.600.000,ARMYAPPLE,Jakarta Utara
"New iPhone 13 Pro Max 256 / 512 / 1TB Graphite,Gold,Silver,Sierra Blue",Rp17.199.000,tokohapedia,Jakarta Pusat
iPhone 13 Pro Max 1TB 5G iBox 128GB 256GB 512GB - Not 12 Mini 128 256,Rp17.263.000,Distributor Ponsel,Jakarta Pusat
Apple iPhone 13,Rp13.499.000,Indokom Store,Jakarta Pusat
Apple iPhone 13 Pro 13Pro 128GB 256GB 512GB 1TB 128 256 512 GB 1 TB,Rp16.100.000,chocoapple,Jakarta Pusat
iPhone 13 Pro 128GB 256GB 512GB 1TB 13 Pro Dual Sim Nano IBOX,Rp15.950.000,Digital Authorized,Jakarta Pusat
Case iPhone 13 PRO MAX 13 PRO UAG [U] DOT Slim Fit,Rp494.100,UAG OFFICIAL INDONESIA,Jakarta Barat
Apple iPhone 13 Pro 13Pro 128GB 256GB 512GB 1TB 128 256 512 GB 1 TB,Rp16.100.000,chocoapple,Jakarta Pusat
IPHONE 13 PRO MAX 4G RAM 4GB INTERNAL 64GB ULTIMATE FS HDC - grey,Rp2.150.000,WT Mobile,Jakarta Barat
IPHONE 13 PRO MAX 4G ULTIMATE FS HDC - Blue,Rp1.950.000,handphone shop 1718,Jakarta Barat
"IBOX iPhone 13 Pro Max 5G 1TB 512GB 256GB 128GB ProMax - not 13 mini - 128GB | INTER, SILVER",Rp17.105.000,MisterPonsel,Jakarta Pusat

